player_id,team,role,age,match_no,season_phase,minutes,td_per90,hsr_per90,sprint_per90,acc_per90,dec_per90,pii,offensive_index,defensive_index,hmm_state
P001,CII,DEF,19.7,1,Autumn,84,11468,672,95,123,124,37.11,49.3,68.5,Baseline
P001,CII,DEF,19.7,2,Autumn,85,10930,631,84,122,127,37.49,38.0,59.2,Baseline
P001,CII,DEF,19.7,3,Autumn,94,10908,672,168,118,136,34.39,52.5,54.5,Baseline
P001,CII,DEF,19.7,4,Autumn,70,11375,541,129,121,115,39.3,51.5,63.6,Baseline
P001,CII,DEF,19.7,5,Autumn,87,11486,668,130,153,110,45.1,76.1,74.5,Baseline
P001,CII,DEF,19.7,6,Autumn,65,11323,579,105,124,123,41.5,42.0,54.9,Baseline
P001,CII,DEF,19.7,7,Autumn,69,10442,538,150,120,123,34.42,45.8,48.8,Baseline
P001,CII,DEF,19.7,8,Autumn,69,10750,713,121,125,112,41.5,51.7,74.0,Baseline
P001,CII,DEF,19.7,9,Autumn,86,10732,622,121,131,105,35.99,47.0,54.3,Baseline
P001,CII,DEF,19.7,10,Autumn,65,10251,462,61,128,144,36.78,42.6,56.1,Baseline
P001,CII,DEF,19.7,11,Autumn,91,10951,698,93,144,122,37.76,56.5,66.6,Baseline
P001,CII,DEF,19.7,12,Spring,83,10485,627,84,127,140,35.96,54.9,71.8,Baseline
P001,CII,DEF,19.7,13,Spring,65,11173,558,141,136,137,39.81,58.4,61.7,Baseline
P001,CII,DEF,19.7,14,Spring,48,10931,687,55,122,145,41.67,66.2,56.8,Baseline
P001,CII,DEF,19.7,15,Spring,80,10813,624,113,116,139,43.72,53.1,63.9,Baseline
P001,CII,DEF,19.7,16,Spring,86,11255,608,76,137,103,37.86,29.9,64.9,Baseline
P001,CII,DEF,19.7,17,Spring,94,12092,673,84,139,90,35.57,57.1,52.7,Lower activity
P001,CII,DEF,19.7,18,Spring,95,11210,534,161,97,80,37.43,40.8,59.2,Lower activity
P001,CII,DEF,19.7,19,Spring,84,11233,684,91,116,114,35.47,50.1,32.0,Lower activity
P001,CII,DEF,19.7,20,Spring,79,10857,659,126,109,83,28.99,53.4,59.7,Lower activity
P001,CII,DEF,19.7,21,Spring,79,11150,596,122,110,112,31.76,53.6,66.8,Lower activity
P001,CII,DEF,19.7,22,Spring,64,11134,667,79,108,102,31.33,45.9,48.4,Lower activity
P002,U19,ATT,17.5,1,Autumn,95,10445,655,102,118,111,33.48,59.7,48.0,Baseline
P002,U19,ATT,17.5,2,Autumn,89,11156,803,65,135,129,37.87,85.7,71.6,Baseline
P002,U19,ATT,17.5,3,Autumn,76,10240,525,134,126,104,36.23,57.6,56.5,Baseline
P002,U19,ATT,17.5,4,Autumn,56,10310,613,79,117,127,33.26,47.6,51.9,Lower activity
P002,U19,ATT,17.5,5,Autumn,95,10540,605,96,82,86,31.48,59.0,52.9,Lower activity
P002,U19,ATT,17.5,6,Autumn,78,10473,586,103,104,113,28.23,66.9,61.6,Lower activity
P002,U19,ATT,17.5,7,Autumn,66,9810,803,155,109,102,32.27,63.4,51.1,Lower activity
P002,U19,ATT,17.5,8,Autumn,65,10069,676,116,110,137,33.24,64.4,52.3,Lower activity
P002,U19,ATT,17.5,9,Autumn,85,11200,628,168,126,99,34.79,51.4,46.3,Baseline
P002,U19,ATT,17.5,10,Autumn,76,10607,640,83,116,121,38.95,55.7,44.5,Baseline
P002,U19,ATT,17.5,11,Autumn,83,10444,594,100,114,118,35.04,70.8,46.1,Baseline
P002,U19,ATT,17.5,12,Spring,81,10600,514,93,135,113,35.99,31.0,46.7,Baseline
P002,U19,ATT,17.5,13,Spring,94,11164,594,101,137,118,31.34,66.4,41.7,Baseline
P002,U19,ATT,17.5,14,Spring,71,11286,701,175,114,123,38.52,55.8,66.8,Baseline
P002,U19,ATT,17.5,15,Spring,72,10766,687,99,100,107,28.1,56.7,42.6,Lower activity
P002,U19,ATT,17.5,16,Spring,65,11680,701,109,124,130,39.06,70.7,62.4,Baseline
P002,U19,ATT,17.5,17,Spring,52,11000,629,119,120,117,39.43,64.9,60.8,Baseline
P002,U19,ATT,17.5,18,Spring,64,11541,675,137,124,114,38.41,54.7,37.7,Baseline
P002,U19,ATT,17.5,19,Spring,76,10901,741,133,113,121,29.93,57.9,46.3,Lower activity
P002,U19,ATT,17.5,20,Spring,95,10541,711,103,113,109,33.63,70.1,44.0,Lower activity
P002,U19,ATT,17.5,21,Spring,86,10752,666,71,128,106,39.88,85.5,61.0,Baseline
P002,U19,ATT,17.5,22,Spring,83,11146,725,106,129,100,35.43,50.0,63.9,Baseline
P003,U17,MID,16.9,1,Autumn,78,10523,553,81,108,102,31.07,44.0,46.0,Lower activity
P003,U17,MID,16.9,2,Autumn,55,9887,552,108,105,94,36.93,53.3,45.2,Lower activity
P003,U17,MID,16.9,3,Autumn,90,10989,627,36,90,102,34.54,55.0,55.1,Lower activity
P003,U17,MID,16.9,4,Autumn,88,10551,673,71,114,127,33.24,57.5,58.6,Baseline
P003,U17,MID,16.9,5,Autumn,88,10596,599,164,98,88,32.96,45.6,42.2,Lower activity
P003,U17,MID,16.9,6,Autumn,64,9348,528,77,115,119,37.29,54.6,46.6,Lower activity
P003,U17,MID,16.9,7,Autumn,78,10635,722,49,114,112,32.45,84.5,59.0,Lower activity
P003,U17,MID,16.9,8,Autumn,80,10266,512,128,121,98,34.14,45.1,66.5,Lower activity
P003,U17,MID,16.9,9,Autumn,86,10734,490,108,129,101,35.47,54.1,39.2,Lower activity
P003,U17,MID,16.9,10,Autumn,88,11354,902,223,134,139,44.07,56.8,49.1,Higher activity
P003,U17,MID,16.9,11,Autumn,60,11344,1013,255,119,114,45.17,58.0,52.7,Higher activity
P003,U17,MID,16.9,12,Spring,79,11377,984,201,121,137,55.43,75.7,41.4,Higher activity
P003,U17,MID,16.9,13,Spring,79,11717,1052,260,149,149,47.72,73.6,55.8,Higher activity
P003,U17,MID,16.9,14,Spring,63,11183,914,221,136,132,49.22,67.3,53.6,Higher activity
P003,U17,MID,16.9,15,Spring,69,11740,949,154,146,128,44.31,78.9,65.4,Higher activity
P003,U17,MID,16.9,16,Spring,58,11202,1010,253,130,153,49.54,72.0,64.2,Higher activity
P003,U17,MID,16.9,17,Spring,95,11264,634,172,131,124,34.68,52.7,49.6,Baseline
P003,U17,MID,16.9,18,Spring,79,11215,742,125,110,128,40.54,58.2,59.9,Baseline
P003,U17,MID,16.9,19,Spring,79,10962,636,83,133,132,39.28,51.3,67.4,Baseline
P003,U17,MID,16.9,20,Spring,75,10888,615,136,136,118,38.52,54.9,47.7,Baseline
P003,U17,MID,16.9,21,Spring,43,11238,893,176,137,134,42.7,60.8,56.0,Higher activity
P003,U17,MID,16.9,22,Spring,65,11753,996,203,118,144,42.95,76.6,52.2,Higher activity
P004,CII,DEF,20.2,1,Autumn,59,10956,627,101,107,130,39.41,46.7,73.8,Baseline
P004,CII,DEF,20.2,2,Autumn,82,11299,615,30,131,120,42.15,64.6,60.9,Baseline
P004,CII,DEF,20.2,3,Autumn,51,11012,604,136,121,91,38.83,51.7,62.2,Lower activity
P004,CII,DEF,20.2,4,Autumn,72,10932,692,145,141,118,38.98,55.6,45.5,Baseline
P004,CII,DEF,20.2,5,Autumn,91,11492,600,137,125,130,45.69,60.0,71.0,Baseline
P004,CII,DEF,20.2,6,Autumn,88,11009,566,117,145,111,40.57,35.8,51.9,Baseline
P004,CII,DEF,20.2,7,Autumn,91,11029,818,113,126,117,40.41,52.7,62.7,Baseline
P004,CII,DEF,20.2,8,Autumn,80,10407,583,138,140,124,43.37,38.3,73.1,Baseline
P004,CII,DEF,20.2,9,Autumn,81,10227,721,119,150,122,36.35,47.1,65.9,Baseline
P004,CII,DEF,20.2,10,Autumn,77,10897,777,102,126,114,43.29,65.3,53.7,Baseline
P004,CII,DEF,20.2,11,Autumn,63,11991,681,100,123,127,38.47,63.9,55.6,Baseline
P004,CII,DEF,20.2,12,Spring,70,11528,768,142,111,113,40.72,54.1,64.2,Baseline
P004,CII,DEF,20.2,13,Spring,84,12080,760,82,124,118,36.48,63.0,66.8,Baseline
P004,CII,DEF,20.2,14,Spring,78,12029,727,152,125,124,39.39,51.3,70.7,Baseline
P004,CII,DEF,20.2,15,Spring,76,11926,701,83,119,129,42.16,50.9,72.8,Baseline
P004,CII,DEF,20.2,16,Spring,56,11384,509,151,133,121,33.55,31.2,61.4,Baseline
P004,CII,DEF,20.2,17,Spring,75,11652,628,108,116,107,34.81,49.1,64.6,Baseline
P004,CII,DEF,20.2,18,Spring,79,11328,664,30,114,112,39.03,52.4,60.2,Baseline
P004,CII,DEF,20.2,19,Spring,95,12224,699,155,148,124,36.33,60.5,54.9,Baseline
P004,CII,DEF,20.2,20,Spring,92,11492,543,85,126,135,36.82,51.7,47.3,Baseline
P004,CII,DEF,20.2,21,Spring,86,11770,632,144,131,140,35.19,41.8,53.5,Baseline
P004,CII,DEF,20.2,22,Spring,95,12634,649,154,115,122,42.46,44.3,60.8,Baseline
P005,U19,ATT,18.8,1,Autumn,90,10376,684,101,144,133,41.72,57.9,56.1,Baseline
P005,U19,ATT,18.8,2,Autumn,83,10750,595,125,144,127,42.32,42.6,48.9,Baseline
P005,U19,ATT,18.8,3,Autumn,82,10396,758,129,121,134,33.42,62.3,58.8,Baseline
P005,U19,ATT,18.8,4,Autumn,83,11034,636,149,123,128,32.39,70.1,70.7,Baseline
P005,U19,ATT,18.8,5,Autumn,77,10894,721,91,117,94,39.07,62.2,46.3,Baseline
P005,U19,ATT,18.8,6,Autumn,81,11159,558,111,124,100,34.9,51.7,44.1,Baseline
P005,U19,ATT,18.8,7,Autumn,77,11071,620,30,126,110,37.92,53.4,54.8,Baseline
P005,U19,ATT,18.8,8,Autumn,73,11377,605,147,130,107,38.04,59.5,59.5,Baseline
P005,U19,ATT,18.8,9,Autumn,94,11373,464,77,134,103,39.74,62.7,46.7,Baseline
P005,U19,ATT,18.8,10,Autumn,75,11070,654,123,132,101,37.96,47.8,46.0,Baseline
P005,U19,ATT,18.8,11,Autumn,81,10626,621,197,110,121,35.81,56.5,58.5,Baseline
P005,U19,ATT,18.8,12,Spring,86,11664,710,34,132,119,40.9,70.7,53.7,Baseline
P005,U19,ATT,18.8,13,Spring,90,11649,647,112,143,114,37.74,50.4,47.6,Baseline
P005,U19,ATT,18.8,14,Spring,95,11574,425,90,132,114,36.15,46.8,57.8,Baseline
P005,U19,ATT,18.8,15,Spring,80,11738,690,153,113,108,43.55,69.9,56.4,Baseline
P005,U19,ATT,18.8,16,Spring,67,11068,743,157,114,111,39.41,72.7,46.9,Baseline
P005,U19,ATT,18.8,17,Spring,89,11705,594,91,140,105,38.85,61.8,50.4,Baseline
P005,U19,ATT,18.8,18,Spring,71,11485,685,128,134,106,44.0,66.4,53.7,Baseline
P005,U19,ATT,18.8,19,Spring,77,11984,656,123,131,100,39.21,66.8,44.8,Baseline
P005,U19,ATT,18.8,20,Spring,87,10878,731,65,132,118,38.71,65.6,56.3,Baseline
P005,U19,ATT,18.8,21,Spring,83,11062,553,73,118,88,31.53,59.2,36.8,Lower activity
P005,U19,ATT,18.8,22,Spring,75,11544,919,218,138,153,50.39,78.2,48.5,Higher activity
P006,U17,MID,16.6,1,Autumn,68,10068,768,68,105,110,29.53,68.9,42.9,Lower activity
P006,U17,MID,16.6,2,Autumn,71,11665,833,199,144,139,48.36,68.9,63.9,Higher activity
P006,U17,MID,16.6,3,Autumn,62,10750,675,144,97,87,28.06,51.9,51.2,Lower activity
P006,U17,MID,16.6,4,Autumn,67,10711,696,93,113,85,29.71,57.6,46.6,Lower activity
P006,U17,MID,16.6,5,Autumn,79,10128,617,109,112,109,31.92,48.9,62.0,Lower activity
P006,U17,MID,16.6,6,Autumn,82,10879,578,30,115,115,35.92,38.6,51.6,Baseline
P006,U17,MID,16.6,7,Autumn,80,10909,452,118,119,103,40.29,48.3,61.0,Baseline
P006,U17,MID,16.6,8,Autumn,78,10678,670,98,118,117,33.63,55.2,58.1,Baseline
P006,U17,MID,16.6,9,Autumn,80,10704,635,102,149,104,42.79,47.9,50.7,Baseline
P006,U17,MID,16.6,10,Autumn,75,10806,652,148,157,124,39.13,53.8,68.4,Baseline
P006,U17,MID,16.6,11,Autumn,78,10446,398,178,139,130,34.63,29.0,54.0,Baseline
P006,U17,MID,16.6,12,Spring,69,11202,746,113,130,133,36.61,62.3,51.7,Baseline
P006,U17,MID,16.6,13,Spring,65,11600,680,145,131,135,36.11,54.9,59.4,Baseline
P006,U17,MID,16.6,14,Spring,82,10744,693,86,130,126,38.09,56.9,56.6,Baseline
P006,U17,MID,16.6,15,Spring,85,10798,642,62,144,98,39.02,50.9,48.5,Baseline
P006,U17,MID,16.6,16,Spring,71,10851,674,111,118,102,40.79,61.3,57.5,Baseline
P006,U17,MID,16.6,17,Spring,69,12946,953,240,125,126,51.97,87.6,53.5,Higher activity
P006,U17,MID,16.6,18,Spring,89,11457,942,180,126,146,46.45,62.8,47.9,Higher activity
P006,U17,MID,16.6,19,Spring,42,11623,1025,239,137,139,44.18,67.3,52.8,Higher activity
P006,U17,MID,16.6,20,Spring,69,11639,929,217,136,138,51.6,69.5,63.2,Higher activity
P006,U17,MID,16.6,21,Spring,78,11785,917,164,118,140,46.79,65.8,51.3,Higher activity
P006,U17,MID,16.6,22,Spring,77,12370,937,216,138,149,53.62,73.4,46.2,Higher activity
P007,CII,DEF,19.6,1,Autumn,79,10027,498,152,107,87,30.6,31.0,52.3,Lower activity
P007,CII,DEF,19.6,2,Autumn,78,10400,577,135,102,106,27.82,38.8,61.8,Lower activity
P007,CII,DEF,19.6,3,Autumn,57,10222,557,152,103,106,31.41,46.4,64.3,Lower activity
P007,CII,DEF,19.6,4,Autumn,72,10539,534,131,112,64,26.97,38.7,51.8,Lower activity
P007,CII,DEF,19.6,5,Autumn,95,9874,504,45,130,117,32.83,41.8,54.7,Lower activity
P007,CII,DEF,19.6,6,Autumn,66,10651,582,79,97,96,28.79,35.1,63.4,Lower activity
P007,CII,DEF,19.6,7,Autumn,69,10869,870,216,130,134,44.22,79.2,53.2,Higher activity
P007,CII,DEF,19.6,8,Autumn,88,9715,448,58,106,94,30.85,28.1,52.5,Lower activity
P007,CII,DEF,19.6,9,Autumn,71,9602,621,89,93,109,32.78,28.1,67.8,Lower activity
P007,CII,DEF,19.6,10,Autumn,82,10006,639,147,110,109,35.97,48.4,52.5,Lower activity
P007,CII,DEF,19.6,11,Autumn,62,10071,535,174,103,89,23.06,50.0,69.0,Lower activity
P007,CII,DEF,19.6,12,Spring,90,10362,557,87,106,110,29.94,39.2,52.8,Lower activity
P007,CII,DEF,19.6,13,Spring,47,10711,451,38,99,103,34.38,45.7,62.8,Lower activity
P007,CII,DEF,19.6,14,Spring,74,10293,519,153,138,106,36.05,49.1,59.4,Baseline
P007,CII,DEF,19.6,15,Spring,68,11019,630,70,102,141,35.09,51.8,56.9,Baseline
P007,CII,DEF,19.6,16,Spring,77,10715,639,122,120,123,39.2,58.8,60.1,Baseline
P007,CII,DEF,19.6,17,Spring,78,11112,585,54,122,118,35.45,40.6,48.8,Baseline
P007,CII,DEF,19.6,18,Spring,66,10829,547,134,92,105,33.49,50.4,58.5,Lower activity
P007,CII,DEF,19.6,19,Spring,89,10435,460,101,110,92,32.65,47.4,59.4,Lower activity
P007,CII,DEF,19.6,20,Spring,77,10341,685,128,108,79,27.72,38.3,58.3,Lower activity
P007,CII,DEF,19.6,21,Spring,82,11685,735,169,124,141,46.1,45.8,58.6,Higher activity
P007,CII,DEF,19.6,22,Spring,83,11530,864,245,125,134,42.55,69.7,71.7,Higher activity
P008,U19,ATT,18.6,1,Autumn,72,12013,611,89,142,115,34.32,55.4,58.1,Baseline
P008,U19,ATT,18.6,2,Autumn,53,11496,553,138,127,113,35.32,68.9,42.6,Baseline
P008,U19,ATT,18.6,3,Autumn,67,11708,1117,256,135,143,48.51,85.2,61.1,Higher activity
P008,U19,ATT,18.6,4,Autumn,65,11984,853,304,144,154,46.88,62.4,78.1,Higher activity
P008,U19,ATT,18.6,5,Autumn,92,11592,639,136,111,100,37.92,65.8,48.4,Baseline
P008,U19,ATT,18.6,6,Autumn,94,11103,567,76,92,91,39.35,46.6,40.8,Lower activity
P008,U19,ATT,18.6,7,Autumn,74,11254,437,95,113,81,34.08,50.6,42.4,Lower activity
P008,U19,ATT,18.6,8,Autumn,69,11012,746,164,125,96,34.05,57.3,53.2,Lower activity
P008,U19,ATT,18.6,9,Autumn,73,11276,663,129,118,112,37.68,57.3,54.6,Baseline
P008,U19,ATT,18.6,10,Autumn,74,11688,744,114,156,107,44.23,67.7,57.2,Baseline
P008,U19,ATT,18.6,11,Autumn,74,11006,754,130,138,114,40.74,59.8,46.9,Baseline
P008,U19,ATT,18.6,12,Spring,83,11585,563,115,144,154,38.32,50.5,56.1,Baseline
P008,U19,ATT,18.6,13,Spring,76,10879,703,172,144,120,45.13,62.2,39.2,Baseline
P008,U19,ATT,18.6,14,Spring,79,11829,625,122,131,122,41.82,62.7,59.1,Baseline
P008,U19,ATT,18.6,15,Spring,86,11919,735,52,141,140,40.98,70.1,46.3,Baseline
P008,U19,ATT,18.6,16,Spring,90,11850,734,89,114,116,39.18,62.6,41.2,Baseline
P008,U19,ATT,18.6,17,Spring,95,11951,525,97,146,109,41.77,71.4,49.4,Baseline
P008,U19,ATT,18.6,18,Spring,83,11592,673,99,131,99,37.66,72.6,49.4,Baseline
P008,U19,ATT,18.6,19,Spring,83,11097,396,189,110,121,35.91,27.7,49.8,Baseline
P008,U19,ATT,18.6,20,Spring,79,10782,707,194,106,129,41.69,48.8,59.1,Baseline
P008,U19,ATT,18.6,21,Spring,63,12270,681,170,158,122,42.21,57.8,62.8,Baseline
P008,U19,ATT,18.6,22,Spring,71,11757,662,92,138,116,34.34,70.9,64.0,Baseline
P009,U17,MID,17.2,1,Autumn,71,10341,768,146,135,108,38.89,52.2,59.4,Baseline
P009,U17,MID,17.2,2,Autumn,59,10482,444,43,125,107,38.95,54.1,41.8,Baseline
P009,U17,MID,17.2,3,Autumn,79,11354,556,117,107,109,37.99,48.3,58.3,Baseline
P009,U17,MID,17.2,4,Autumn,72,10647,743,98,137,117,36.87,50.8,38.1,Baseline
P009,U17,MID,17.2,5,Autumn,60,10486,669,73,110,102,38.37,49.0,53.5,Baseline
P009,U17,MID,17.2,6,Autumn,56,11101,1013,181,117,135,44.93,69.1,66.0,Higher activity
P009,U17,MID,17.2,7,Autumn,82,11102,841,227,134,132,51.09,56.0,53.8,Higher activity
P009,U17,MID,17.2,8,Autumn,88,11149,991,223,143,131,43.77,86.8,59.6,Higher activity
P009,U17,MID,17.2,9,Autumn,67,11024,1019,219,119,124,44.32,85.4,59.5,Higher activity
P009,U17,MID,17.2,10,Autumn,67,11127,772,215,130,133,42.07,63.6,52.8,Higher activity
P009,U17,MID,17.2,11,Autumn,60,10973,799,257,151,124,43.34,60.5,52.0,Higher activity
P009,U17,MID,17.2,12,Spring,79,11456,541,92,115,94,30.12,40.6,56.8,Lower activity
P009,U17,MID,17.2,13,Spring,75,10515,707,114,100,106,33.0,59.4,47.5,Lower activity
P009,U17,MID,17.2,14,Spring,79,10940,705,137,115,113,35.52,54.1,44.9,Lower activity
P009,U17,MID,17.2,15,Spring,82,11033,834,218,127,147,46.29,70.4,59.7,Higher activity
P009,U17,MID,17.2,16,Spring,64,11257,747,191,128,139,42.81,73.5,66.4,Higher activity
P009,U17,MID,17.2,17,Spring,85,10908,945,176,131,142,47.19,75.1,46.6,Higher activity
P009,U17,MID,17.2,18,Spring,79,11024,667,68,77,105,36.59,49.2,47.3,Lower activity
P009,U17,MID,17.2,19,Spring,80,11765,816,202,128,142,48.25,55.8,50.5,Higher activity
P009,U17,MID,17.2,20,Spring,80,11218,880,237,130,134,43.93,70.8,52.1,Higher activity
P009,U17,MID,17.2,21,Spring,85,10879,548,97,123,132,35.43,55.5,65.8,Baseline
P009,U17,MID,17.2,22,Spring,82,10932,661,115,107,116,34.46,40.4,54.7,Baseline
P010,CII,DEF,19.8,1,Autumn,89,11087,579,130,148,95,40.3,37.2,66.9,Baseline
P010,CII,DEF,19.8,2,Autumn,74,10899,622,111,125,134,33.77,44.6,68.9,Baseline
P010,CII,DEF,19.8,3,Autumn,76,10948,706,131,111,106,37.06,51.7,68.5,Baseline
P010,CII,DEF,19.8,4,Autumn,80,11741,548,113,139,123,39.24,41.3,58.3,Baseline
P010,CII,DEF,19.8,5,Autumn,75,10676,612,170,125,122,40.56,52.8,61.5,Baseline
P010,CII,DEF,19.8,6,Autumn,79,10717,507,146,142,109,40.81,45.9,60.7,Baseline
P010,CII,DEF,19.8,7,Autumn,92,11344,678,126,120,117,37.96,44.7,66.7,Baseline
P010,CII,DEF,19.8,8,Autumn,93,10775,559,164,121,106,34.13,42.0,71.3,Baseline
P010,CII,DEF,19.8,9,Autumn,76,10804,700,102,135,147,37.75,42.0,80.6,Baseline
P010,CII,DEF,19.8,10,Autumn,95,10481,694,146,131,134,37.32,63.6,70.5,Baseline
P010,CII,DEF,19.8,11,Autumn,80,10630,708,123,117,122,41.16,62.8,65.5,Baseline
P010,CII,DEF,19.8,12,Spring,78,11465,798,95,128,119,44.46,53.9,70.2,Baseline
P010,CII,DEF,19.8,13,Spring,72,10689,626,168,120,86,40.71,39.9,45.8,Baseline
P010,CII,DEF,19.8,14,Spring,77,11866,647,130,120,119,38.04,52.2,44.6,Baseline
P010,CII,DEF,19.8,15,Spring,74,12092,696,112,107,122,33.78,45.1,60.9,Baseline
P010,CII,DEF,19.8,16,Spring,67,11336,513,89,118,133,35.2,39.2,70.8,Baseline
P010,CII,DEF,19.8,17,Spring,85,11452,593,45,127,114,40.38,35.4,66.0,Baseline
P010,CII,DEF,19.8,18,Spring,89,11258,562,138,114,110,38.65,36.5,73.0,Baseline
P010,CII,DEF,19.8,19,Spring,64,10630,567,124,135,137,40.42,37.3,67.3,Baseline
P010,CII,DEF,19.8,20,Spring,95,11331,844,209,128,157,48.52,62.5,67.0,Higher activity
P010,CII,DEF,19.8,21,Spring,75,12226,848,226,141,120,47.09,59.9,66.5,Higher activity
P010,CII,DEF,19.8,22,Spring,95,11806,408,122,114,105,37.71,15.0,52.5,Lower activity
P011,U19,ATT,18.7,1,Autumn,71,11749,1148,261,138,137,48.47,81.9,58.2,Higher activity
P011,U19,ATT,18.7,2,Autumn,95,12437,993,260,149,116,47.84,67.4,51.8,Higher activity
P011,U19,ATT,18.7,3,Autumn,86,12725,1186,184,119,136,46.87,90.0,62.8,Higher activity
P011,U19,ATT,18.7,4,Autumn,48,12469,1080,220,128,142,49.68,85.1,59.5,Higher activity
P011,U19,ATT,18.7,5,Autumn,80,11506,1047,278,133,138,48.17,75.0,51.2,Higher activity
P011,U19,ATT,18.7,6,Autumn,72,12371,960,248,132,141,48.92,79.6,65.2,Higher activity
P011,U19,ATT,18.7,7,Autumn,78,11730,1108,264,160,130,47.31,92.2,54.5,Higher activity
P011,U19,ATT,18.7,8,Autumn,75,12396,1033,275,125,151,49.78,78.0,40.6,Higher activity
P011,U19,ATT,18.7,9,Autumn,82,12769,1067,246,132,153,50.22,81.5,68.0,Higher activity
P011,U19,ATT,18.7,10,Autumn,61,11228,639,172,106,105,34.46,60.2,47.8,Lower activity
P011,U19,ATT,18.7,11,Autumn,85,11494,586,128,119,135,42.81,52.8,44.4,Baseline
P011,U19,ATT,18.7,12,Spring,70,11586,540,153,108,105,44.46,61.7,39.5,Baseline
P011,U19,ATT,18.7,13,Spring,88,12220,658,129,132,106,39.05,70.0,63.0,Baseline
P011,U19,ATT,18.7,14,Spring,95,11863,710,168,142,119,43.55,52.2,49.1,Baseline
P011,U19,ATT,18.7,15,Spring,86,12322,792,158,128,113,35.44,58.6,47.1,Baseline
P011,U19,ATT,18.7,16,Spring,94,12598,584,51,134,141,42.91,53.1,59.2,Baseline
P011,U19,ATT,18.7,17,Spring,62,12000,803,135,117,116,39.5,56.8,52.4,Baseline
P011,U19,ATT,18.7,18,Spring,82,11762,746,110,123,101,42.98,62.0,42.0,Baseline
P011,U19,ATT,18.7,19,Spring,62,12804,721,133,115,111,45.89,60.6,63.7,Baseline
P011,U19,ATT,18.7,20,Spring,86,12062,639,112,124,122,42.05,68.5,70.3,Baseline
P011,U19,ATT,18.7,21,Spring,84,11748,652,56,133,102,44.52,55.0,51.7,Baseline
P011,U19,ATT,18.7,22,Spring,87,11830,742,145,137,116,42.09,79.9,51.7,Baseline
P012,U17,MID,16.5,1,Autumn,72,10484,675,68,119,94,36.7,62.8,47.7,Baseline
P012,U17,MID,16.5,2,Autumn,62,10840,672,131,125,115,38.13,42.8,59.1,Baseline
P012,U17,MID,16.5,3,Autumn,95,10471,523,103,113,107,34.19,42.5,62.2,Baseline
P012,U17,MID,16.5,4,Autumn,89,10295,658,86,132,97,33.38,43.0,38.0,Baseline
P012,U17,MID,16.5,5,Autumn,69,10828,721,93,122,111,28.77,54.1,52.3,Baseline
P012,U17,MID,16.5,6,Autumn,66,10262,565,100,115,142,36.6,49.3,51.0,Baseline
P012,U17,MID,16.5,7,Autumn,72,10151,599,108,120,123,30.29,44.6,40.1,Baseline
P012,U17,MID,16.5,8,Autumn,57,10887,529,99,132,136,36.34,54.6,71.0,Baseline
P012,U17,MID,16.5,9,Autumn,64,10156,588,75,139,112,33.41,55.3,48.5,Baseline
P012,U17,MID,16.5,10,Autumn,79,10236,677,119,132,121,33.63,55.2,45.3,Baseline
P012,U17,MID,16.5,11,Autumn,65,9728,702,30,117,106,33.2,54.3,63.8,Baseline
P012,U17,MID,16.5,12,Spring,58,10376,546,74,110,122,35.93,57.2,65.0,Baseline
P012,U17,MID,16.5,13,Spring,74,10816,697,91,134,126,39.95,52.0,50.7,Baseline
P012,U17,MID,16.5,14,Spring,72,11639,785,222,134,133,45.77,76.3,61.0,Higher activity
P012,U17,MID,16.5,15,Spring,67,11288,902,242,152,139,46.04,80.9,67.4,Higher activity
P012,U17,MID,16.5,16,Spring,79,10174,450,108,112,128,34.2,52.6,61.1,Baseline
P012,U17,MID,16.5,17,Spring,80,10197,390,78,132,104,38.13,46.4,54.6,Baseline
P012,U17,MID,16.5,18,Spring,59,10692,487,127,131,126,34.28,34.5,65.4,Baseline
P012,U17,MID,16.5,19,Spring,80,10600,613,104,126,102,35.56,52.0,57.7,Baseline
P012,U17,MID,16.5,20,Spring,56,10936,486,96,132,113,40.43,42.0,44.1,Baseline
P012,U17,MID,16.5,21,Spring,67,10477,561,30,127,133,34.6,55.1,51.4,Baseline
P012,U17,MID,16.5,22,Spring,67,10905,669,168,127,120,36.84,67.4,63.0,Baseline
P013,CII,DEF,19.7,1,Autumn,73,11184,668,99,134,128,35.52,40.8,65.0,Baseline
P013,CII,DEF,19.7,2,Autumn,88,11295,657,154,126,121,33.96,61.6,67.5,Baseline
P013,CII,DEF,19.7,3,Autumn,63,10990,648,80,118,144,39.02,44.3,53.1,Baseline
P013,CII,DEF,19.7,4,Autumn,71,10659,526,98,131,135,35.69,38.1,66.7,Baseline
P013,CII,DEF,19.7,5,Autumn,62,10836,504,81,108,113,39.38,43.0,60.8,Baseline
P013,CII,DEF,19.7,6,Autumn,68,10864,640,193,119,131,34.72,41.0,47.5,Baseline
P013,CII,DEF,19.7,7,Autumn,61,10994,723,88,139,113,40.5,66.5,59.7,Baseline
P013,CII,DEF,19.7,8,Autumn,87,10684,569,94,138,128,39.84,43.5,61.4,Baseline
P013,CII,DEF,19.7,9,Autumn,92,10547,726,139,135,111,38.3,56.8,56.4,Baseline
P013,CII,DEF,19.7,10,Autumn,95,11571,490,58,104,129,35.48,35.4,70.5,Baseline
P013,CII,DEF,19.7,11,Autumn,65,11508,667,105,113,103,38.22,51.8,55.3,Baseline
P013,CII,DEF,19.7,12,Spring,73,11528,678,131,134,113,44.08,43.2,66.3,Baseline
P013,CII,DEF,19.7,13,Spring,80,11150,667,143,131,85,41.54,33.8,74.6,Baseline
P013,CII,DEF,19.7,14,Spring,76,11774,595,97,122,121,39.62,49.0,35.9,Baseline
P013,CII,DEF,19.7,15,Spring,80,12426,689,138,133,128,36.73,58.2,70.0,Baseline
P013,CII,DEF,19.7,16,Spring,85,11798,621,67,137,138,35.87,57.9,66.2,Baseline
P013,CII,DEF,19.7,17,Spring,78,10997,646,142,144,131,36.65,51.4,61.4,Baseline
P013,CII,DEF,19.7,18,Spring,91,10871,666,122,115,134,37.68,51.2,42.9,Baseline
P013,CII,DEF,19.7,19,Spring,65,11279,747,39,138,133,33.52,57.0,60.5,Baseline
P013,CII,DEF,19.7,20,Spring,64,11674,722,67,116,130,46.58,41.1,51.6,Baseline
P013,CII,DEF,19.7,21,Spring,89,11844,531,185,133,133,41.3,35.6,52.2,Baseline
P013,CII,DEF,19.7,22,Spring,78,11893,1026,245,135,137,48.71,57.8,64.6,Higher activity
P014,U19,ATT,17.4,1,Autumn,95,9138,372,40,129,120,33.55,61.1,54.7,Baseline
P014,U19,ATT,17.4,2,Autumn,79,10180,687,161,124,105,33.49,74.1,62.2,Baseline
P014,U19,ATT,17.4,3,Autumn,64,10356,574,118,139,117,31.14,77.7,45.4,Baseline
P014,U19,ATT,17.4,4,Autumn,65,9570,562,96,113,122,27.44,56.9,62.2,Lower activity
P014,U19,ATT,17.4,5,Autumn,87,9282,529,135,87,93,25.41,41.7,37.3,Lower activity
P014,U19,ATT,17.4,6,Autumn,90,9570,588,120,112,125,30.03,35.2,55.6,Lower activity
P014,U19,ATT,17.4,7,Autumn,87,9313,454,108,116,112,23.5,54.0,60.4,Lower activity
P014,U19,ATT,17.4,8,Autumn,93,10008,729,237,154,123,40.74,67.0,54.3,Higher activity
P014,U19,ATT,17.4,9,Autumn,77,10051,803,159,145,122,40.94,72.5,61.7,Higher activity
P014,U19,ATT,17.4,10,Autumn,64,10029,908,197,136,145,43.97,83.5,41.0,Higher activity
P014,U19,ATT,17.4,11,Autumn,65,10439,850,250,154,135,41.08,80.1,59.0,Higher activity
P014,U19,ATT,17.4,12,Spring,73,9987,827,188,126,117,41.87,57.3,40.4,Higher activity
P014,U19,ATT,17.4,13,Spring,86,10610,882,205,130,132,39.61,72.7,61.0,Higher activity
P014,U19,ATT,17.4,14,Spring,85,9972,555,109,94,87,26.74,63.7,42.2,Lower activity
P014,U19,ATT,17.4,15,Spring,95,9748,459,127,131,86,29.99,44.6,53.0,Lower activity
P014,U19,ATT,17.4,16,Spring,70,10187,528,83,102,115,30.38,54.3,48.6,Lower activity
P014,U19,ATT,17.4,17,Spring,67,10589,525,73,112,108,32.14,44.9,51.8,Lower activity
P014,U19,ATT,17.4,18,Spring,87,10113,523,67,130,99,31.69,39.1,49.7,Lower activity
P014,U19,ATT,17.4,19,Spring,68,9947,640,59,105,97,27.64,55.4,41.1,Lower activity
P014,U19,ATT,17.4,20,Spring,60,9877,432,87,108,116,32.44,49.9,51.0,Lower activity
P014,U19,ATT,17.4,21,Spring,71,9519,529,54,118,122,35.03,65.1,52.3,Baseline
P014,U19,ATT,17.4,22,Spring,79,9593,692,30,135,126,32.96,59.4,38.9,Baseline
P015,U17,MID,16.8,1,Autumn,70,11358,855,246,140,137,46.74,67.6,51.0,Higher activity
P015,U17,MID,16.8,2,Autumn,88,11506,938,205,135,122,47.76,80.6,68.8,Higher activity
P015,U17,MID,16.8,3,Autumn,85,11067,887,232,151,106,45.72,68.6,56.3,Higher activity
P015,U17,MID,16.8,4,Autumn,73,10651,625,104,107,96,31.29,58.2,42.8,Lower activity
P015,U17,MID,16.8,5,Autumn,80,10308,573,53,112,115,29.14,52.2,49.3,Lower activity
P015,U17,MID,16.8,6,Autumn,87,10705,549,132,98,94,31.35,36.8,45.9,Lower activity
P015,U17,MID,16.8,7,Autumn,86,9848,473,113,100,101,23.42,39.5,47.3,Lower activity
P015,U17,MID,16.8,8,Autumn,78,10545,422,138,121,91,31.73,46.6,49.1,Lower activity
P015,U17,MID,16.8,9,Autumn,52,11156,907,225,157,123,47.77,68.3,55.5,Higher activity
P015,U17,MID,16.8,10,Autumn,68,9906,514,101,103,90,34.98,53.3,71.8,Lower activity
P015,U17,MID,16.8,11,Autumn,79,11013,487,120,103,98,27.21,41.4,69.0,Lower activity
P015,U17,MID,16.8,12,Spring,56,10460,612,133,115,99,32.41,61.9,56.2,Lower activity
P015,U17,MID,16.8,13,Spring,77,10289,453,139,120,92,31.33,61.0,51.7,Lower activity
P015,U17,MID,16.8,14,Spring,95,11510,669,137,116,130,37.73,49.6,60.9,Baseline
P015,U17,MID,16.8,15,Spring,82,11414,603,50,134,108,37.36,68.5,40.1,Baseline
P015,U17,MID,16.8,16,Spring,88,11155,575,108,116,139,38.46,62.0,55.0,Baseline
P015,U17,MID,16.8,17,Spring,95,10621,764,191,140,104,35.63,43.1,47.7,Baseline
P015,U17,MID,16.8,18,Spring,69,10688,516,80,140,126,42.25,43.4,57.2,Baseline
P015,U17,MID,16.8,19,Spring,95,10927,601,121,122,119,35.5,62.4,69.3,Baseline
P015,U17,MID,16.8,20,Spring,75,11029,546,67,126,106,40.2,52.1,43.7,Baseline
P015,U17,MID,16.8,21,Spring,81,11467,647,123,131,115,38.51,56.3,50.8,Baseline
P015,U17,MID,16.8,22,Spring,90,11191,630,103,106,149,40.14,58.0,72.6,Baseline
P016,CII,DEF,20.3,1,Autumn,68,11263,518,57,144,118,40.31,43.2,66.4,Baseline
P016,CII,DEF,20.3,2,Autumn,65,10331,611,62,128,122,38.3,49.7,49.0,Baseline
P016,CII,DEF,20.3,3,Autumn,84,11301,657,49,143,119,43.33,56.0,71.9,Baseline
P016,CII,DEF,20.3,4,Autumn,95,10715,684,108,85,101,33.52,55.5,66.5,Lower activity
P016,CII,DEF,20.3,5,Autumn,71,11803,695,108,111,121,40.36,52.0,59.0,Baseline
P016,CII,DEF,20.3,6,Autumn,62,11384,681,142,118,136,45.76,52.4,73.2,Baseline
P016,CII,DEF,20.3,7,Autumn,41,11378,739,119,108,126,38.59,61.9,56.4,Baseline
P016,CII,DEF,20.3,8,Autumn,72,11022,695,78,123,116,36.48,56.8,59.9,Baseline
P016,CII,DEF,20.3,9,Autumn,85,11033,765,100,119,121,40.91,55.9,66.0,Baseline
P016,CII,DEF,20.3,10,Autumn,82,11229,509,104,119,129,42.3,40.0,69.2,Baseline
P016,CII,DEF,20.3,11,Autumn,82,11660,590,84,117,133,36.46,41.0,72.2,Baseline
P016,CII,DEF,20.3,12,Spring,56,11209,651,71,129,122,39.72,51.5,67.5,Baseline
P016,CII,DEF,20.3,13,Spring,70,11808,617,138,147,139,42.87,49.2,73.6,Baseline
P016,CII,DEF,20.3,14,Spring,87,11439,590,82,132,102,34.21,55.0,64.1,Baseline
P016,CII,DEF,20.3,15,Spring,67,11715,588,90,114,141,37.11,59.4,54.8,Baseline
P016,CII,DEF,20.3,16,Spring,82,11755,666,76,139,110,40.84,45.1,73.9,Baseline
P016,CII,DEF,20.3,17,Spring,72,11476,568,60,130,134,41.52,40.3,60.2,Baseline
P016,CII,DEF,20.3,18,Spring,83,11798,642,133,132,108,40.22,41.7,62.1,Baseline
P016,CII,DEF,20.3,19,Spring,70,11533,950,229,149,128,53.52,70.3,51.2,Higher activity
P016,CII,DEF,20.3,20,Spring,87,11134,528,56,103,98,35.61,45.5,52.0,Lower activity
P016,CII,DEF,20.3,21,Spring,70,12397,891,214,135,145,49.44,51.7,72.5,Higher activity
P016,CII,DEF,20.3,22,Spring,84,11388,1045,287,129,133,48.5,59.8,64.7,Higher activity
P017,U19,ATT,18.0,1,Autumn,85,11330,565,96,144,122,44.65,62.7,59.9,Baseline
P017,U19,ATT,18.0,2,Autumn,76,11301,558,53,132,132,41.36,59.7,51.0,Baseline
P017,U19,ATT,18.0,3,Autumn,67,11325,650,137,141,134,41.16,67.7,65.6,Baseline
P017,U19,ATT,18.0,4,Autumn,74,10989,508,118,131,104,37.95,36.4,62.6,Baseline
P017,U19,ATT,18.0,5,Autumn,81,11309,648,67,104,128,40.12,57.5,35.1,Baseline
P017,U19,ATT,18.0,6,Autumn,56,11185,576,36,120,129,40.8,54.5,46.8,Baseline
P017,U19,ATT,18.0,7,Autumn,82,11271,893,213,130,141,45.05,83.9,57.5,Higher activity
P017,U19,ATT,18.0,8,Autumn,76,10998,970,275,145,131,42.74,62.1,55.4,Higher activity
P017,U19,ATT,18.0,9,Autumn,85,11500,953,227,144,120,42.96,65.7,47.7,Higher activity
P017,U19,ATT,18.0,10,Autumn,79,11489,1042,312,145,130,41.93,60.7,46.8,Higher activity
P017,U19,ATT,18.0,11,Autumn,95,12145,843,224,108,150,44.45,56.2,51.8,Higher activity
P017,U19,ATT,18.0,12,Spring,64,11743,1014,230,132,130,52.31,73.6,35.2,Higher activity
P017,U19,ATT,18.0,13,Spring,89,11899,906,253,137,131,49.69,66.4,43.3,Higher activity
P017,U19,ATT,18.0,14,Spring,91,10752,917,266,152,144,48.67,82.5,60.6,Higher activity
P017,U19,ATT,18.0,15,Spring,77,10960,486,165,99,89,38.49,44.1,44.3,Lower activity
P017,U19,ATT,18.0,16,Spring,79,11411,674,88,116,97,31.54,66.7,51.6,Lower activity
P017,U19,ATT,18.0,17,Spring,68,11015,511,152,103,99,35.16,52.1,52.1,Lower activity
P017,U19,ATT,18.0,18,Spring,82,12166,789,228,136,133,48.96,76.7,52.0,Higher activity
P017,U19,ATT,18.0,19,Spring,44,11349,685,180,120,93,33.93,70.2,48.9,Lower activity
P017,U19,ATT,18.0,20,Spring,82,11148,646,137,97,101,32.16,54.0,49.7,Lower activity
P017,U19,ATT,18.0,21,Spring,95,11094,608,147,120,113,32.59,59.6,47.5,Lower activity
P017,U19,ATT,18.0,22,Spring,80,12295,870,260,152,121,47.49,56.8,74.6,Higher activity
P018,U17,MID,16.4,1,Autumn,63,11464,626,150,119,122,36.01,55.3,54.9,Baseline
P018,U17,MID,16.4,2,Autumn,95,11152,669,143,116,107,37.04,64.7,46.7,Baseline
P018,U17,MID,16.4,3,Autumn,80,11369,715,88,127,113,38.72,56.7,66.5,Baseline
P018,U17,MID,16.4,4,Autumn,71,11789,992,232,127,125,46.86,82.3,60.2,Higher activity
P018,U17,MID,16.4,5,Autumn,95,11603,1085,273,131,129,48.85,70.9,54.5,Higher activity
P018,U17,MID,16.4,6,Autumn,72,11755,987,269,138,120,44.41,76.5,55.1,Higher activity
P018,U17,MID,16.4,7,Autumn,86,11319,627,134,131,109,35.29,49.5,57.5,Baseline
P018,U17,MID,16.4,8,Autumn,73,11721,692,98,104,108,42.22,57.6,55.1,Baseline
P018,U17,MID,16.4,9,Autumn,94,11094,749,139,135,117,40.04,72.4,62.2,Baseline
P018,U17,MID,16.4,10,Autumn,60,10499,743,105,84,129,42.15,62.5,57.7,Baseline
P018,U17,MID,16.4,11,Autumn,81,12163,911,112,129,130,35.63,64.0,62.3,Baseline
P018,U17,MID,16.4,12,Spring,86,11587,558,96,141,113,38.15,47.3,45.5,Baseline
P018,U17,MID,16.4,13,Spring,86,11261,694,39,146,136,40.48,67.5,59.7,Baseline
P018,U17,MID,16.4,14,Spring,71,12485,696,197,141,140,40.63,61.2,76.1,Baseline
P018,U17,MID,16.4,15,Spring,77,12535,484,146,120,118,34.94,45.5,44.7,Baseline
P018,U17,MID,16.4,16,Spring,61,11058,761,143,102,114,37.93,89.5,55.2,Baseline
P018,U17,MID,16.4,17,Spring,64,11107,597,157,127,122,43.68,68.8,58.6,Baseline
P018,U17,MID,16.4,18,Spring,87,11743,656,134,118,143,41.88,42.3,57.9,Baseline
P018,U17,MID,16.4,19,Spring,61,12237,572,53,138,115,39.19,58.3,47.2,Baseline
P018,U17,MID,16.4,20,Spring,81,11897,654,82,102,129,36.97,60.7,52.8,Baseline
P018,U17,MID,16.4,21,Spring,79,11745,468,81,134,138,41.72,40.3,52.0,Baseline
P018,U17,MID,16.4,22,Spring,90,12019,860,90,100,110,39.63,60.9,64.7,Baseline
P019,CII,DEF,19.7,1,Autumn,75,11189,931,244,153,117,47.01,58.4,55.0,Higher activity
P019,CII,DEF,19.7,2,Autumn,66,12074,1075,221,137,143,52.35,63.9,64.7,Higher activity
P019,CII,DEF,19.7,3,Autumn,91,11237,844,241,121,140,45.44,40.9,58.4,Higher activity
P019,CII,DEF,19.7,4,Autumn,89,12043,700,220,142,133,50.37,56.5,59.1,Higher activity
P019,CII,DEF,19.7,5,Autumn,92,12121,1012,196,137,139,45.02,65.4,58.9,Higher activity
P019,CII,DEF,19.7,6,Autumn,90,11417,640,130,126,109,40.08,65.2,65.2,Baseline
P019,CII,DEF,19.7,7,Autumn,75,12022,753,107,136,141,39.18,46.3,71.0,Baseline
P019,CII,DEF,19.7,8,Autumn,81,11217,505,93,133,107,44.2,26.4,54.0,Baseline
P019,CII,DEF,19.7,9,Autumn,74,11639,659,170,121,127,37.39,59.8,61.5,Baseline
P019,CII,DEF,19.7,10,Autumn,77,10994,610,53,123,119,41.27,44.6,52.0,Baseline
P019,CII,DEF,19.7,11,Autumn,87,10642,775,114,142,97,30.28,54.3,53.7,Lower activity
P019,CII,DEF,19.7,12,Spring,66,11387,692,119,110,94,37.48,65.8,58.6,Lower activity
P019,CII,DEF,19.7,13,Spring,95,12062,604,177,97,99,37.84,50.2,57.3,Lower activity
P019,CII,DEF,19.7,14,Spring,80,11437,600,93,110,117,34.31,57.8,55.6,Lower activity
P019,CII,DEF,19.7,15,Spring,65,11587,606,54,106,112,36.61,47.2,72.9,Lower activity
P019,CII,DEF,19.7,16,Spring,81,12034,764,195,93,97,35.16,62.5,51.0,Lower activity
P019,CII,DEF,19.7,17,Spring,81,12215,810,264,112,141,45.9,51.8,69.3,Higher activity
P019,CII,DEF,19.7,18,Spring,61,11315,971,248,117,158,52.34,54.2,73.1,Higher activity
P019,CII,DEF,19.7,19,Spring,75,12907,1113,194,131,121,46.69,89.8,63.7,Higher activity
P019,CII,DEF,19.7,20,Spring,72,11921,904,259,131,132,49.09,63.6,62.2,Higher activity
P019,CII,DEF,19.7,21,Spring,85,12425,922,232,127,135,51.26,49.1,65.4,Higher activity
P019,CII,DEF,19.7,22,Spring,61,11133,706,158,96,107,35.29,36.4,64.0,Lower activity
P020,U19,ATT,18.2,1,Autumn,75,11114,544,71,108,108,38.0,56.1,35.4,Baseline
P020,U19,ATT,18.2,2,Autumn,80,10510,555,117,126,100,32.48,66.8,51.5,Baseline
P020,U19,ATT,18.2,3,Autumn,95,9742,574,118,136,133,36.29,62.0,47.2,Baseline
P020,U19,ATT,18.2,4,Autumn,95,10425,577,147,126,129,33.46,67.2,59.3,Baseline
P020,U19,ATT,18.2,5,Autumn,68,10631,661,145,137,123,38.5,40.5,48.7,Baseline
P020,U19,ATT,18.2,6,Autumn,73,10265,665,111,141,131,35.48,66.5,52.2,Baseline
P020,U19,ATT,18.2,7,Autumn,61,10866,676,80,138,111,27.56,55.3,51.5,Baseline
P020,U19,ATT,18.2,8,Autumn,55,10726,596,121,124,92,36.06,52.8,50.7,Baseline
P020,U19,ATT,18.2,9,Autumn,85,10507,718,113,112,121,30.29,49.7,53.1,Baseline
P020,U19,ATT,18.2,10,Autumn,60,10420,647,136,88,93,30.55,49.8,38.8,Lower activity
P020,U19,ATT,18.2,11,Autumn,66,10384,701,107,123,108,38.87,66.1,55.7,Baseline
P020,U19,ATT,18.2,12,Spring,88,10774,611,147,120,118,35.22,67.8,44.2,Baseline
P020,U19,ATT,18.2,13,Spring,68,10881,714,123,151,125,31.65,67.6,49.6,Baseline
P020,U19,ATT,18.2,14,Spring,54,10040,613,125,118,109,32.84,48.4,47.5,Lower activity
P020,U19,ATT,18.2,15,Spring,72,10346,599,112,111,77,31.93,72.7,49.8,Lower activity
P020,U19,ATT,18.2,16,Spring,72,10459,607,182,113,93,28.72,67.9,35.1,Lower activity
P020,U19,ATT,18.2,17,Spring,85,11482,866,230,113,130,44.39,71.5,51.4,Higher activity
P020,U19,ATT,18.2,18,Spring,88,11599,839,220,130,155,47.92,59.8,43.3,Higher activity
P020,U19,ATT,18.2,19,Spring,71,10855,475,84,119,117,35.99,39.2,44.7,Baseline
P020,U19,ATT,18.2,20,Spring,89,11259,737,75,121,114,34.4,69.7,41.2,Baseline
P020,U19,ATT,18.2,21,Spring,87,10660,760,132,123,118,39.67,60.3,41.8,Baseline
P020,U19,ATT,18.2,22,Spring,90,10407,758,90,140,126,34.34,65.7,31.5,Baseline
P021,U17,MID,16.6,1,Autumn,48,11188,543,84,137,127,42.98,58.4,57.6,Baseline
P021,U17,MID,16.6,2,Autumn,77,11339,969,178,135,123,38.26,62.6,51.1,Baseline
P021,U17,MID,16.6,3,Autumn,50,11149,773,75,125,117,39.48,53.8,51.9,Baseline
P021,U17,MID,16.6,4,Autumn,79,11506,735,150,115,124,39.38,57.4,58.6,Baseline
P021,U17,MID,16.6,5,Autumn,84,11522,796,78,114,94,35.57,56.4,44.1,Lower activity
P021,U17,MID,16.6,6,Autumn,75,11006,606,83,77,113,34.14,35.9,46.4,Lower activity
P021,U17,MID,16.6,7,Autumn,82,11170,719,136,107,103,34.38,53.8,37.6,Lower activity
P021,U17,MID,16.6,8,Autumn,75,10344,622,162,96,97,31.76,46.7,47.8,Lower activity
P021,U17,MID,16.6,9,Autumn,90,10943,723,114,108,82,34.34,65.7,52.7,Lower activity
P021,U17,MID,16.6,10,Autumn,79,10959,687,190,98,106,38.43,52.1,69.3,Lower activity
P021,U17,MID,16.6,11,Autumn,69,11483,748,95,130,116,37.56,63.5,63.4,Baseline
P021,U17,MID,16.6,12,Spring,89,12438,729,60,137,107,36.02,59.0,65.7,Baseline
P021,U17,MID,16.6,13,Spring,90,11979,644,130,149,145,35.85,57.7,53.0,Baseline
P021,U17,MID,16.6,14,Spring,88,11670,611,127,127,123,40.13,56.2,56.4,Baseline
P021,U17,MID,16.6,15,Spring,95,11574,631,123,138,123,40.77,50.7,62.1,Baseline
P021,U17,MID,16.6,16,Spring,74,11754,715,93,118,111,41.07,64.5,57.4,Baseline
P021,U17,MID,16.6,17,Spring,73,11533,705,92,132,109,35.72,62.2,66.1,Baseline
P021,U17,MID,16.6,18,Spring,95,12590,1007,321,153,130,49.2,77.2,51.9,Higher activity
P021,U17,MID,16.6,19,Spring,82,11867,1122,193,143,122,52.36,72.6,51.7,Higher activity
P021,U17,MID,16.6,20,Spring,73,12306,1006,203,133,136,50.25,68.4,63.2,Higher activity
P021,U17,MID,16.6,21,Spring,87,10925,554,85,99,119,34.37,64.6,41.2,Lower activity
P021,U17,MID,16.6,22,Spring,73,10996,687,116,132,113,41.74,65.1,46.8,Baseline
P022,CII,DEF,20.4,1,Autumn,69,10277,657,100,138,84,38.75,54.3,64.7,Baseline
P022,CII,DEF,20.4,2,Autumn,95,10724,942,212,112,144,44.2,58.7,63.4,Higher activity
P022,CII,DEF,20.4,3,Autumn,80,10556,550,116,119,112,31.82,37.1,64.1,Lower activity
P022,CII,DEF,20.4,4,Autumn,74,10157,685,62,135,111,37.96,36.2,68.7,Baseline
P022,CII,DEF,20.4,5,Autumn,71,11221,583,106,129,129,34.72,59.6,56.9,Baseline
P022,CII,DEF,20.4,6,Autumn,81,11273,547,112,122,111,36.95,56.9,51.3,Baseline
P022,CII,DEF,20.4,7,Autumn,93,10456,561,74,122,113,38.71,40.8,64.4,Baseline
P022,CII,DEF,20.4,8,Autumn,79,10214,589,82,139,130,37.02,56.6,61.1,Baseline
P022,CII,DEF,20.4,9,Autumn,80,11833,834,205,154,137,40.25,63.0,64.3,Higher activity
P022,CII,DEF,20.4,10,Autumn,44,10826,824,193,150,140,37.11,66.7,68.1,Higher activity
P022,CII,DEF,20.4,11,Autumn,84,11647,878,237,131,131,47.29,58.2,60.0,Higher activity
P022,CII,DEF,20.4,12,Spring,69,11218,932,157,133,131,43.4,54.1,55.8,Higher activity
P022,CII,DEF,20.4,13,Spring,84,11266,830,180,139,139,41.61,67.1,62.4,Higher activity
P022,CII,DEF,20.4,14,Spring,67,10981,866,182,147,161,47.64,60.8,62.8,Higher activity
P022,CII,DEF,20.4,15,Spring,80,11067,815,256,131,145,48.45,59.4,67.7,Higher activity
P022,CII,DEF,20.4,16,Spring,82,10475,617,67,101,106,33.32,48.7,58.5,Lower activity
P022,CII,DEF,20.4,17,Spring,63,11387,869,225,128,148,49.15,59.3,46.5,Higher activity
P022,CII,DEF,20.4,18,Spring,64,11020,903,174,142,137,45.64,59.5,67.2,Higher activity
P022,CII,DEF,20.4,19,Spring,94,11280,997,149,137,128,46.95,74.8,52.0,Higher activity
P022,CII,DEF,20.4,20,Spring,81,11278,807,140,129,121,40.89,66.8,71.1,Higher activity
P022,CII,DEF,20.4,21,Spring,85,11769,872,206,125,137,44.89,58.1,61.1,Higher activity
P022,CII,DEF,20.4,22,Spring,83,11845,840,174,137,116,42.97,67.6,74.9,Higher activity
P023,U19,ATT,18.3,1,Autumn,80,10420,632,93,109,84,26.96,68.9,71.0,Lower activity
P023,U19,ATT,18.3,2,Autumn,71,11685,815,182,144,153,46.67,67.6,67.6,Higher activity
P023,U19,ATT,18.3,3,Autumn,74,10248,500,114,105,100,32.95,48.8,58.7,Lower activity
P023,U19,ATT,18.3,4,Autumn,79,10010,569,114,112,102,34.42,53.1,54.2,Lower activity
P023,U19,ATT,18.3,5,Autumn,95,10153,682,86,133,82,30.11,61.9,59.1,Lower activity
P023,U19,ATT,18.3,6,Autumn,83,11169,505,176,121,127,37.64,47.0,51.6,Baseline
P023,U19,ATT,18.3,7,Autumn,79,10883,618,83,140,112,32.47,65.1,42.0,Baseline
P023,U19,ATT,18.3,8,Autumn,95,11204,646,136,120,108,36.76,65.7,54.5,Baseline
P023,U19,ATT,18.3,9,Autumn,81,11307,534,98,115,122,34.42,59.3,50.7,Baseline
P023,U19,ATT,18.3,10,Autumn,70,10637,725,186,133,122,38.56,60.2,44.2,Baseline
P023,U19,ATT,18.3,11,Spring,78,11243,770,61,134,137,34.95,74.2,56.7,Baseline
P023,U19,ATT,18.3,12,Spring,87,10863,704,147,126,118,42.03,65.4,55.1,Baseline
P023,U19,ATT,18.3,13,Spring,77,12260,686,181,119,101,40.05,50.3,43.9,Baseline
P023,U19,ATT,18.3,14,Spring,69,11161,632,103,121,136,38.49,62.2,55.5,Baseline
P023,U19,ATT,18.3,15,Spring,85,11971,578,169,106,123,36.88,59.8,56.1,Baseline
P023,U19,ATT,18.3,16,Spring,89,10741,681,156,135,137,36.43,55.5,49.0,Baseline
P023,U19,ATT,18.3,17,Spring,73,10727,704,90,119,105,39.78,64.7,56.7,Baseline
P023,U19,ATT,18.3,18,Spring,80,11560,551,179,130,118,39.91,58.5,48.0,Baseline
P023,U19,ATT,18.3,19,Spring,87,11743,738,161,137,122,35.65,64.1,46.0,Baseline
P023,U19,ATT,18.3,20,Spring,93,11003,681,125,132,125,34.59,73.8,58.2,Baseline
P023,U19,ATT,18.3,21,Spring,76,11367,657,100,138,114,35.41,46.8,43.5,Baseline
P024,U17,MID,15.9,1,Autumn,73,10577,567,103,114,122,36.38,40.5,51.6,Baseline
P024,U17,MID,15.9,2,Autumn,73,10030,452,78,144,136,33.51,38.4,49.1,Baseline
P024,U17,MID,15.9,3,Autumn,95,10497,731,89,148,133,34.32,47.8,56.0,Baseline
P024,U17,MID,15.9,4,Autumn,67,10832,504,152,122,109,33.7,43.1,42.1,Baseline
P024,U17,MID,15.9,5,Autumn,87,10653,643,78,118,137,32.34,62.2,67.7,Baseline
P024,U17,MID,15.9,6,Autumn,91,10472,583,130,120,143,37.18,50.8,67.2,Baseline
P024,U17,MID,15.9,7,Autumn,71,9877,490,74,125,119,41.12,47.3,56.8,Baseline
P024,U17,MID,15.9,8,Autumn,95,9777,617,94,126,121,33.68,45.4,64.4,Baseline
P024,U17,MID,15.9,9,Autumn,82,10681,612,30,116,127,29.08,54.7,59.2,Baseline
P024,U17,MID,15.9,10,Autumn,72,10136,569,104,125,100,41.26,54.1,52.3,Baseline
P024,U17,MID,15.9,11,Spring,74,10687,632,51,103,137,36.95,56.8,66.7,Baseline
P024,U17,MID,15.9,12,Spring,57,9985,589,94,140,115,41.93,32.0,64.0,Baseline
P024,U17,MID,15.9,13,Spring,86,10891,543,85,125,130,34.97,52.9,57.6,Baseline
P024,U17,MID,15.9,14,Spring,67,10775,659,119,136,119,36.17,50.2,60.9,Baseline
P024,U17,MID,15.9,15,Spring,83,10587,645,112,136,123,32.77,51.6,57.8,Baseline
P024,U17,MID,15.9,16,Spring,77,10408,590,61,126,134,33.13,41.9,65.4,Baseline
P024,U17,MID,15.9,17,Spring,74,10155,679,106,114,125,42.22,63.9,58.3,Baseline
P024,U17,MID,15.9,18,Spring,78,10163,568,125,126,141,33.92,43.1,58.6,Baseline
P024,U17,MID,15.9,19,Spring,75,10851,603,74,136,150,36.75,43.5,46.5,Baseline
P024,U17,MID,15.9,20,Spring,72,10382,563,83,144,106,35.18,60.0,67.0,Baseline
P024,U17,MID,15.9,21,Spring,60,11280,707,74,117,123,34.12,55.6,59.6,Baseline
P025,CII,DEF,20.3,1,Autumn,75,11451,584,102,107,86,35.63,46.9,60.2,Baseline
P025,CII,DEF,20.3,2,Autumn,74,10746,613,95,89,109,29.03,60.5,53.6,Lower activity
P025,CII,DEF,20.3,3,Autumn,63,11432,829,227,146,136,46.43,58.4,74.3,Higher activity
P025,CII,DEF,20.3,4,Autumn,88,12469,932,263,127,130,47.16,63.8,56.1,Higher activity
P025,CII,DEF,20.3,5,Autumn,75,11038,599,169,106,92,36.0,36.9,57.4,Lower activity
P025,CII,DEF,20.3,6,Autumn,77,10944,622,177,109,86,29.46,37.5,59.3,Lower activity
P025,CII,DEF,20.3,7,Autumn,60,10848,619,178,111,91,31.28,44.7,59.4,Lower activity
P025,CII,DEF,20.3,8,Autumn,62,10304,646,149,116,103,32.82,63.0,67.3,Lower activity
P025,CII,DEF,20.3,9,Autumn,84,10710,700,136,158,122,37.98,50.6,67.9,Baseline
P025,CII,DEF,20.3,10,Autumn,74,11568,678,58,122,122,39.92,42.6,72.2,Baseline
P025,CII,DEF,20.3,11,Spring,83,12335,876,258,150,139,50.59,52.5,55.2,Higher activity
P025,CII,DEF,20.3,12,Spring,73,11774,924,258,152,149,44.83,61.6,69.0,Higher activity
P025,CII,DEF,20.3,13,Spring,95,11129,548,203,122,120,43.26,45.5,73.9,Baseline
P025,CII,DEF,20.3,14,Spring,58,12681,598,30,132,128,36.29,37.4,56.8,Baseline
P025,CII,DEF,20.3,15,Spring,81,11251,784,149,125,118,44.17,63.7,50.9,Baseline
P025,CII,DEF,20.3,16,Spring,62,11597,716,94,107,134,36.89,50.2,66.3,Baseline
P025,CII,DEF,20.3,17,Spring,63,11101,571,73,113,130,41.82,47.2,58.9,Baseline
P025,CII,DEF,20.3,18,Spring,84,11267,597,118,138,119,39.97,42.3,61.1,Baseline
P025,CII,DEF,20.3,19,Spring,87,11960,932,199,122,152,50.79,61.3,65.0,Higher activity
P025,CII,DEF,20.3,20,Spring,80,11970,1000,203,138,113,48.63,66.5,77.0,Higher activity
P025,CII,DEF,20.3,21,Spring,82,12188,946,199,135,159,49.74,52.9,64.1,Higher activity
P026,U19,ATT,18.2,1,Autumn,70,12050,626,122,142,101,37.14,64.6,60.9,Baseline
P026,U19,ATT,18.2,2,Autumn,92,10995,737,184,124,115,43.6,71.1,58.1,Baseline
P026,U19,ATT,18.2,3,Autumn,80,11808,857,107,138,115,44.05,76.1,39.9,Baseline
P026,U19,ATT,18.2,4,Autumn,95,11745,669,117,135,115,31.71,57.8,45.4,Baseline
P026,U19,ATT,18.2,5,Autumn,83,12095,698,138,125,118,38.03,79.5,44.8,Baseline
P026,U19,ATT,18.2,6,Autumn,73,11438,778,143,106,100,38.2,78.6,63.9,Baseline
P026,U19,ATT,18.2,7,Autumn,95,11000,715,133,120,119,41.16,78.0,65.8,Baseline
P026,U19,ATT,18.2,8,Autumn,82,10587,693,76,133,116,37.53,62.8,58.4,Baseline
P026,U19,ATT,18.2,9,Autumn,95,11112,577,136,122,108,41.34,57.4,47.2,Baseline
P026,U19,ATT,18.2,10,Autumn,74,11792,698,139,128,132,44.28,53.0,61.3,Baseline
P026,U19,ATT,18.2,11,Spring,94,11944,635,99,130,113,43.27,48.4,48.5,Baseline
P026,U19,ATT,18.2,12,Spring,69,11461,677,82,137,122,40.37,68.1,50.0,Baseline
P026,U19,ATT,18.2,13,Spring,71,11521,579,145,119,113,43.84,46.8,43.2,Baseline
P026,U19,ATT,18.2,14,Spring,85,12265,1026,264,120,140,52.66,93.4,50.7,Higher activity
P026,U19,ATT,18.2,15,Spring,57,12365,1211,339,153,121,49.35,95.0,51.4,Higher activity
P026,U19,ATT,18.2,16,Spring,80,12260,815,169,108,102,35.89,65.6,45.3,Lower activity
P026,U19,ATT,18.2,17,Spring,63,11701,685,179,128,116,31.85,77.0,57.5,Lower activity
P026,U19,ATT,18.2,18,Spring,78,11502,938,260,139,132,50.79,71.6,55.2,Higher activity
P026,U19,ATT,18.2,19,Spring,90,11840,730,125,87,107,30.58,71.5,59.1,Lower activity
P026,U19,ATT,18.2,20,Spring,90,12771,930,211,109,138,51.54,77.9,51.7,Higher activity
P026,U19,ATT,18.2,21,Spring,72,11711,878,311,141,119,54.07,69.2,60.0,Higher activity
P027,U17,MID,17.1,1,Autumn,95,11490,1108,248,122,124,45.75,76.6,46.1,Higher activity
P027,U17,MID,17.1,2,Autumn,77,10787,492,102,123,129,37.3,46.7,54.9,Baseline
P027,U17,MID,17.1,3,Autumn,80,10927,681,148,157,107,36.06,55.5,61.3,Baseline
P027,U17,MID,17.1,4,Autumn,59,11488,539,95,117,108,34.84,44.1,48.7,Baseline
P027,U17,MID,17.1,5,Autumn,85,10880,707,66,131,120,40.01,44.4,48.2,Baseline
P027,U17,MID,17.1,6,Autumn,95,10926,502,118,144,122,36.66,42.1,63.7,Baseline
P027,U17,MID,17.1,7,Autumn,75,11888,1026,231,137,134,41.83,54.4,60.5,Higher activity
P027,U17,MID,17.1,8,Autumn,73,11717,997,197,120,145,44.2,73.1,57.7,Higher activity
P027,U17,MID,17.1,9,Autumn,89,11617,969,191,132,143,51.68,82.0,37.7,Higher activity
P027,U17,MID,17.1,10,Autumn,65,10412,614,165,109,95,30.51,51.3,50.6,Lower activity
P027,U17,MID,17.1,11,Spring,90,10813,658,38,94,129,35.46,70.3,64.2,Lower activity
P027,U17,MID,17.1,12,Spring,95,10984,657,173,110,97,33.72,67.0,42.6,Lower activity
P027,U17,MID,17.1,13,Spring,65,11122,590,125,108,106,32.65,42.6,48.6,Lower activity
P027,U17,MID,17.1,14,Spring,48,11365,677,53,92,113,35.56,66.2,47.2,Lower activity
P027,U17,MID,17.1,15,Spring,82,11315,509,171,107,106,35.77,56.4,54.9,Lower activity
P027,U17,MID,17.1,16,Spring,95,10751,675,124,102,91,36.01,57.8,49.5,Lower activity
P027,U17,MID,17.1,17,Spring,91,10916,749,85,98,105,38.99,56.0,37.1,Lower activity
P027,U17,MID,17.1,18,Spring,92,11571,682,165,108,79,33.65,69.0,65.8,Lower activity
P027,U17,MID,17.1,19,Spring,95,11629,1124,197,135,133,50.29,83.4,79.5,Higher activity
P027,U17,MID,17.1,20,Spring,85,11089,524,147,85,82,33.61,50.3,48.4,Lower activity
P027,U17,MID,17.1,21,Spring,70,12120,705,94,116,142,38.61,45.0,62.7,Baseline
P028,CII,DEF,21.2,1,Autumn,62,9779,404,136,130,104,30.34,28.8,67.4,Lower activity
P028,CII,DEF,21.2,2,Autumn,81,10219,666,138,125,129,30.71,67.2,76.3,Lower activity
P028,CII,DEF,21.2,3,Autumn,69,10726,719,30,96,85,32.01,55.7,49.1,Lower activity
P028,CII,DEF,21.2,4,Autumn,89,10282,572,98,92,109,27.41,52.6,63.2,Lower activity
P028,CII,DEF,21.2,5,Autumn,86,10121,491,30,109,106,38.99,46.2,46.6,Baseline
P028,CII,DEF,21.2,6,Autumn,70,10723,596,91,141,102,38.23,58.3,57.5,Baseline
P028,CII,DEF,21.2,7,Autumn,61,10736,622,110,100,140,39.08,47.0,68.5,Baseline
P028,CII,DEF,21.2,8,Autumn,93,10393,625,65,121,126,35.08,49.9,62.0,Baseline
P028,CII,DEF,21.2,9,Autumn,76,10727,784,112,120,141,35.59,53.7,56.2,Baseline
P028,CII,DEF,21.2,10,Autumn,72,10021,584,47,143,120,40.45,45.6,48.5,Baseline
P028,CII,DEF,21.2,11,Spring,57,11518,969,189,130,146,50.0,74.8,56.1,Higher activity
P028,CII,DEF,21.2,12,Spring,95,10741,558,116,104,102,38.53,45.1,57.3,Baseline
P028,CII,DEF,21.2,13,Spring,67,11820,885,205,124,114,42.34,58.3,54.4,Higher activity
P028,CII,DEF,21.2,14,Spring,76,11478,630,100,114,116,38.6,42.4,65.2,Baseline
P028,CII,DEF,21.2,15,Spring,95,12582,895,230,130,145,44.01,62.9,49.2,Higher activity
P028,CII,DEF,21.2,16,Spring,64,11121,1009,227,143,138,45.52,74.4,60.7,Higher activity
P028,CII,DEF,21.2,17,Spring,85,11474,951,216,145,115,48.37,68.4,54.9,Higher activity
P028,CII,DEF,21.2,18,Spring,85,11542,948,193,123,118,47.73,66.6,48.7,Higher activity
P028,CII,DEF,21.2,19,Spring,52,11763,593,153,108,135,40.8,45.3,70.3,Baseline
P028,CII,DEF,21.2,20,Spring,81,11195,603,129,137,103,39.3,42.2,70.4,Baseline
P028,CII,DEF,21.2,21,Spring,89,11954,702,30,113,121,39.04,54.1,62.4,Baseline
P029,U19,ATT,17.9,1,Autumn,73,11464,678,76,115,145,40.22,69.0,49.0,Baseline
P029,U19,ATT,17.9,2,Autumn,89,11349,656,161,144,122,39.52,70.5,47.7,Baseline
P029,U19,ATT,17.9,3,Autumn,59,11271,631,121,115,110,36.43,59.8,42.8,Baseline
P029,U19,ATT,17.9,4,Autumn,95,11275,568,101,126,125,35.41,50.9,56.8,Baseline
P029,U19,ATT,17.9,5,Autumn,75,11063,532,138,114,132,37.7,49.2,61.5,Baseline
P029,U19,ATT,17.9,6,Autumn,75,11058,863,132,130,99,43.1,60.9,49.4,Baseline
P029,U19,ATT,17.9,7,Autumn,68,11052,522,108,115,105,37.46,62.8,51.3,Baseline
P029,U19,ATT,17.9,8,Autumn,86,12172,839,195,156,128,49.06,64.5,54.1,Higher activity
P029,U19,ATT,17.9,9,Autumn,74,11981,898,249,130,141,48.13,66.4,62.0,Higher activity
P029,U19,ATT,17.9,10,Autumn,95,11774,935,249,146,119,45.81,92.4,45.6,Higher activity
P029,U19,ATT,17.9,11,Spring,95,11897,747,112,131,139,35.15,77.4,50.2,Baseline
P029,U19,ATT,17.9,12,Spring,70,11750,753,92,137,126,42.25,79.2,50.9,Baseline
P029,U19,ATT,17.9,13,Spring,82,11546,621,133,133,118,43.73,52.4,56.5,Baseline
P029,U19,ATT,17.9,14,Spring,63,11300,430,142,113,100,33.52,42.4,38.8,Lower activity
P029,U19,ATT,17.9,15,Spring,66,10440,557,162,102,85,37.35,51.0,39.0,Lower activity
P029,U19,ATT,17.9,16,Spring,78,11087,618,149,106,103,30.94,62.1,40.8,Lower activity
P029,U19,ATT,17.9,17,Spring,83,12010,1068,264,134,135,47.33,62.6,59.1,Higher activity
P029,U19,ATT,17.9,18,Spring,91,11899,1076,202,135,143,45.92,86.7,45.2,Higher activity
P029,U19,ATT,17.9,19,Spring,68,10758,656,59,105,99,39.43,66.0,57.4,Lower activity
P029,U19,ATT,17.9,20,Spring,75,10506,690,90,91,113,36.36,59.4,46.8,Lower activity
P029,U19,ATT,17.9,21,Spring,51,10718,642,127,96,112,39.57,52.8,47.4,Lower activity
P030,U17,MID,17.1,1,Autumn,89,10522,663,57,117,116,30.93,49.8,59.3,Baseline
P030,U17,MID,17.1,2,Autumn,92,9997,531,135,119,121,38.18,54.0,60.7,Baseline
P030,U17,MID,17.1,3,Autumn,95,10427,612,75,139,134,33.69,40.8,34.0,Baseline
P030,U17,MID,17.1,4,Autumn,64,10418,600,144,109,117,33.07,48.4,46.0,Baseline
P030,U17,MID,17.1,5,Autumn,70,10367,495,89,114,128,37.38,56.1,53.8,Baseline
P030,U17,MID,17.1,6,Autumn,63,10296,554,96,121,106,35.99,56.8,59.4,Baseline
P030,U17,MID,17.1,7,Autumn,90,9739,542,99,127,116,34.04,46.4,63.2,Baseline
P030,U17,MID,17.1,8,Autumn,65,9980,651,141,136,112,34.36,66.0,57.2,Baseline
P030,U17,MID,17.1,9,Autumn,64,10156,743,174,146,130,35.61,48.8,51.1,Baseline
P030,U17,MID,17.1,10,Autumn,66,10456,558,125,118,126,38.49,44.9,55.0,Baseline
P030,U17,MID,17.1,11,Spring,59,10769,617,123,118,122,38.43,52.4,57.8,Baseline
P030,U17,MID,17.1,12,Spring,79,11100,452,37,128,101,40.69,55.2,47.8,Baseline
P030,U17,MID,17.1,13,Spring,87,9977,620,48,134,138,37.46,65.1,56.1,Baseline
P030,U17,MID,17.1,14,Spring,92,10212,623,111,88,91,29.09,45.8,46.6,Lower activity
P030,U17,MID,17.1,15,Spring,51,11326,1028,205,129,140,39.68,67.3,58.3,Higher activity
P030,U17,MID,17.1,16,Spring,95,11350,992,194,134,147,49.64,79.4,62.0,Higher activity
P030,U17,MID,17.1,17,Spring,86,9960,627,101,135,128,35.9,55.1,48.5,Baseline
P030,U17,MID,17.1,18,Spring,79,10660,712,114,136,119,35.44,59.2,57.8,Baseline
P030,U17,MID,17.1,19,Spring,76,10878,693,63,116,85,36.92,47.4,37.0,Baseline
P030,U17,MID,17.1,20,Spring,74,11043,705,116,122,103,34.12,49.9,50.7,Baseline
P030,U17,MID,17.1,21,Spring,71,11448,1043,216,124,128,44.49,77.7,65.4,Higher activity
P031,CII,DEF,19.9,1,Autumn,85,10781,659,67,132,126,39.41,61.0,62.5,Baseline
P031,CII,DEF,19.9,2,Autumn,74,10511,610,96,147,128,41.73,51.1,69.9,Baseline
P031,CII,DEF,19.9,3,Autumn,50,10752,573,30,132,131,39.67,48.3,59.9,Baseline
P031,CII,DEF,19.9,4,Autumn,67,10893,675,147,141,112,37.19,41.0,47.0,Baseline
P031,CII,DEF,19.9,5,Autumn,61,10615,683,156,117,140,32.98,55.1,69.0,Baseline
P031,CII,DEF,19.9,6,Autumn,89,10803,638,144,135,115,37.63,63.3,48.1,Baseline
P031,CII,DEF,19.9,7,Autumn,75,11625,730,53,134,124,40.19,68.7,65.7,Baseline
P031,CII,DEF,19.9,8,Autumn,66,11338,526,128,131,98,39.2,35.0,76.5,Baseline
P031,CII,DEF,19.9,9,Autumn,90,10852,526,120,111,118,41.8,41.1,80.1,Baseline
P031,CII,DEF,19.9,10,Autumn,78,11743,762,38,124,142,37.57,56.0,57.3,Baseline
P031,CII,DEF,19.9,11,Spring,57,11699,534,122,128,108,29.55,51.2,64.8,Lower activity
P031,CII,DEF,19.9,12,Spring,64,10470,698,126,116,86,31.06,53.5,54.7,Lower activity
P031,CII,DEF,19.9,13,Spring,63,10976,626,77,88,142,39.16,53.9,47.7,Baseline
P031,CII,DEF,19.9,14,Spring,80,11830,626,100,109,83,29.87,55.5,59.6,Lower activity
P031,CII,DEF,19.9,15,Spring,70,11051,452,174,115,114,31.5,44.1,75.1,Lower activity
P031,CII,DEF,19.9,16,Spring,84,11535,760,74,94,91,33.18,54.5,61.0,Lower activity
P031,CII,DEF,19.9,17,Spring,85,11202,493,109,89,122,25.15,37.4,50.1,Lower activity
P031,CII,DEF,19.9,18,Spring,83,11980,969,220,121,117,45.18,66.3,72.6,Higher activity
P031,CII,DEF,19.9,19,Spring,85,11796,900,242,139,128,49.78,65.5,58.4,Higher activity
P031,CII,DEF,19.9,20,Spring,63,11751,872,230,146,121,48.99,59.3,56.8,Higher activity
P031,CII,DEF,19.9,21,Spring,83,10850,615,128,126,119,36.01,56.4,80.7,Lower activity
P032,U19,ATT,18.5,1,Autumn,70,11179,681,127,130,120,40.86,54.0,54.8,Baseline
P032,U19,ATT,18.5,2,Autumn,95,10604,661,145,122,119,40.09,59.3,55.7,Baseline
P032,U19,ATT,18.5,3,Autumn,66,10879,569,193,142,138,39.68,53.0,58.6,Baseline
P032,U19,ATT,18.5,4,Autumn,67,11368,690,90,135,118,40.86,61.7,50.4,Baseline
P032,U19,ATT,18.5,5,Autumn,92,11741,594,103,143,108,41.75,65.7,46.8,Baseline
P032,U19,ATT,18.5,6,Autumn,75,11226,698,130,115,122,38.28,62.3,55.0,Baseline
P032,U19,ATT,18.5,7,Autumn,67,11386,602,116,117,118,41.0,63.0,37.0,Baseline
P032,U19,ATT,18.5,8,Autumn,83,9819,599,88,107,75,31.65,57.6,32.1,Lower activity
P032,U19,ATT,18.5,9,Autumn,85,11036,536,139,106,111,34.47,50.8,50.4,Lower activity
P032,U19,ATT,18.5,10,Autumn,78,11408,694,124,120,110,32.8,47.5,38.7,Baseline
P032,U19,ATT,18.5,11,Spring,63,11383,676,30,124,143,39.43,55.5,48.4,Baseline
P032,U19,ATT,18.5,12,Spring,86,12288,839,44,121,129,38.23,86.5,43.0,Baseline
P032,U19,ATT,18.5,13,Spring,93,11209,470,121,137,128,42.12,53.3,53.0,Baseline
P032,U19,ATT,18.5,14,Spring,95,11919,662,65,130,97,41.9,59.8,41.1,Baseline
P032,U19,ATT,18.5,15,Spring,79,12092,743,68,123,105,36.36,84.9,41.7,Baseline
P032,U19,ATT,18.5,16,Spring,80,11378,593,121,126,108,40.05,49.5,46.0,Baseline
P032,U19,ATT,18.5,17,Spring,61,11286,537,111,132,131,39.66,46.7,42.5,Baseline
P032,U19,ATT,18.5,18,Spring,84,11084,611,146,121,120,40.11,50.7,45.4,Baseline
P032,U19,ATT,18.5,19,Spring,69,11976,707,142,121,110,41.34,80.4,55.8,Baseline
P032,U19,ATT,18.5,20,Spring,88,11369,609,71,118,135,37.52,60.3,60.2,Baseline
P032,U19,ATT,18.5,21,Spring,85,11100,704,32,111,127,42.23,70.6,52.2,Baseline
P033,U17,MID,16.4,1,Autumn,67,10845,746,114,110,121,35.19,54.2,56.7,Baseline
P033,U17,MID,16.4,2,Autumn,88,10695,500,123,121,123,40.33,42.1,53.9,Baseline
P033,U17,MID,16.4,3,Autumn,74,11229,673,98,116,123,41.43,59.2,45.9,Baseline
P033,U17,MID,16.4,4,Autumn,91,10492,583,77,114,117,36.79,59.7,51.0,Baseline
P033,U17,MID,16.4,5,Autumn,35,11409,751,188,133,128,48.71,54.9,71.6,Higher activity
P033,U17,MID,16.4,6,Autumn,83,10421,501,45,122,113,33.59,42.1,54.3,Baseline
P033,U17,MID,16.4,7,Autumn,78,10382,481,66,119,128,32.48,53.7,44.4,Baseline
P033,U17,MID,16.4,8,Autumn,71,10610,686,90,120,129,33.71,58.7,57.3,Baseline
P033,U17,MID,16.4,9,Autumn,87,10664,630,62,111,132,40.79,52.9,55.0,Baseline
P033,U17,MID,16.4,10,Autumn,73,9948,662,90,142,122,37.65,50.3,59.9,Baseline
P033,U17,MID,16.4,11,Spring,77,11281,593,90,105,142,42.46,62.2,47.5,Baseline
P033,U17,MID,16.4,12,Spring,66,11287,863,202,109,135,47.41,62.1,48.4,Higher activity
P033,U17,MID,16.4,13,Spring,70,11030,845,279,127,133,47.09,66.0,48.7,Higher activity
P033,U17,MID,16.4,14,Spring,50,10553,476,134,118,92,30.91,51.6,49.4,Lower activity
P033,U17,MID,16.4,15,Spring,66,11369,504,99,131,94,29.56,39.9,57.2,Lower activity
P033,U17,MID,16.4,16,Spring,85,10852,713,148,104,82,28.71,76.6,52.0,Lower activity
P033,U17,MID,16.4,17,Spring,63,10847,601,83,119,106,25.27,57.9,56.1,Lower activity
P033,U17,MID,16.4,18,Spring,95,10183,692,129,106,102,32.53,62.5,63.7,Lower activity
P033,U17,MID,16.4,19,Spring,94,10230,576,93,118,93,31.02,49.0,59.9,Lower activity
P033,U17,MID,16.4,20,Spring,76,10997,989,241,144,158,46.7,73.2,53.0,Higher activity
P033,U17,MID,16.4,21,Spring,67,11557,828,174,109,133,47.33,69.4,56.5,Higher activity
P034,CII,DEF,20.9,1,Autumn,73,11055,703,125,92,110,34.48,51.1,75.3,Lower activity
P034,CII,DEF,20.9,2,Autumn,69,10314,548,139,127,80,36.76,49.4,44.1,Lower activity
P034,CII,DEF,20.9,3,Autumn,74,10258,546,142,152,101,38.83,54.7,58.9,Baseline
P034,CII,DEF,20.9,4,Autumn,86,11022,615,89,116,133,34.58,48.1,60.7,Baseline
P034,CII,DEF,20.9,5,Autumn,80,10914,656,86,148,112,44.11,38.7,58.6,Baseline
P034,CII,DEF,20.9,6,Autumn,89,9967,715,89,142,114,38.91,61.5,55.2,Baseline
P034,CII,DEF,20.9,7,Autumn,70,10814,774,168,154,122,33.56,43.2,65.0,Baseline
P034,CII,DEF,20.9,8,Autumn,83,10409,453,118,123,97,30.21,29.8,62.0,Lower activity
P034,CII,DEF,20.9,9,Autumn,68,10719,693,135,75,116,32.38,41.1,66.6,Lower activity
P034,CII,DEF,20.9,10,Autumn,89,10672,668,163,105,105,30.83,42.8,40.1,Lower activity
P034,CII,DEF,20.9,11,Spring,85,11963,898,247,127,152,50.85,74.6,57.8,Higher activity
P034,CII,DEF,20.9,12,Spring,65,10766,601,108,88,108,34.87,48.5,62.1,Lower activity
P034,CII,DEF,20.9,13,Spring,61,11589,491,99,99,93,35.03,54.7,72.5,Lower activity
P034,CII,DEF,20.9,14,Spring,84,10773,687,167,102,79,34.72,51.5,65.9,Lower activity
P034,CII,DEF,20.9,15,Spring,86,11011,518,130,116,120,37.57,36.5,47.3,Baseline
P034,CII,DEF,20.9,16,Spring,75,10636,722,30,139,115,39.34,50.0,82.8,Baseline
P034,CII,DEF,20.9,17,Spring,87,11405,744,69,141,94,43.36,45.7,67.1,Baseline
P034,CII,DEF,20.9,18,Spring,86,11799,681,71,121,112,39.67,46.0,58.4,Baseline
P034,CII,DEF,20.9,19,Spring,54,11182,624,105,129,129,39.46,53.9,63.6,Baseline
P034,CII,DEF,20.9,20,Spring,62,11540,551,137,115,117,38.45,28.6,55.2,Baseline
P034,CII,DEF,20.9,21,Spring,87,11408,440,77,131,133,42.06,37.9,62.3,Baseline
P035,U19,ATT,18.4,1,Autumn,51,11515,728,154,99,120,41.85,72.4,57.6,Baseline
P035,U19,ATT,18.4,2,Autumn,87,11206,592,77,96,98,34.67,56.5,42.3,Lower activity
P035,U19,ATT,18.4,3,Autumn,76,11525,597,163,103,132,36.95,67.3,42.4,Lower activity
P035,U19,ATT,18.4,4,Autumn,79,10567,742,197,98,92,36.6,69.9,51.4,Lower activity
P035,U19,ATT,18.4,5,Autumn,86,11069,719,128,116,132,38.46,74.2,56.2,Baseline
P035,U19,ATT,18.4,6,Autumn,79,11547,679,71,121,127,41.01,72.0,39.9,Baseline
P035,U19,ATT,18.4,7,Autumn,61,11830,848,61,131,115,36.78,72.4,61.5,Baseline
P035,U19,ATT,18.4,8,Autumn,70,11582,571,133,114,120,38.6,66.6,55.3,Baseline
P035,U19,ATT,18.4,9,Autumn,64,10868,726,30,137,106,36.52,65.5,45.6,Baseline
P035,U19,ATT,18.4,10,Autumn,81,11845,618,48,143,104,37.31,65.8,49.3,Baseline
P035,U19,ATT,18.4,11,Spring,62,11463,726,114,106,123,39.39,69.0,50.5,Baseline
P035,U19,ATT,18.4,12,Spring,95,11944,597,75,123,125,42.16,53.4,48.4,Baseline
P035,U19,ATT,18.4,13,Spring,55,11324,671,145,120,117,44.52,64.3,57.0,Baseline
P035,U19,ATT,18.4,14,Spring,78,12475,1184,297,158,133,52.76,80.4,46.1,Higher activity
P035,U19,ATT,18.4,15,Spring,66,12072,1004,301,119,151,52.85,79.6,69.3,Higher activity
P035,U19,ATT,18.4,16,Spring,85,12617,1033,213,128,119,52.77,89.4,41.8,Higher activity
P035,U19,ATT,18.4,17,Spring,59,10832,638,114,99,101,30.39,51.1,54.5,Lower activity
P035,U19,ATT,18.4,18,Spring,74,11930,959,254,142,125,44.2,71.4,58.2,Higher activity
P035,U19,ATT,18.4,19,Spring,95,12353,1011,242,149,126,50.79,72.9,50.4,Higher activity
P035,U19,ATT,18.4,20,Spring,74,11876,656,185,136,121,38.06,52.9,53.4,Baseline
P035,U19,ATT,18.4,21,Spring,79,11479,628,129,136,112,40.74,61.0,45.7,Baseline
P036,U17,MID,17.5,1,Autumn,64,12315,1033,301,136,128,53.89,79.8,43.9,Higher activity
P036,U17,MID,17.5,2,Autumn,95,12247,941,261,156,137,50.02,83.8,57.0,Higher activity
P036,U17,MID,17.5,3,Autumn,58,12229,971,195,136,140,46.84,66.9,55.6,Higher activity
P036,U17,MID,17.5,4,Autumn,73,11508,1003,252,149,114,46.95,78.3,59.2,Higher activity
P036,U17,MID,17.5,5,Autumn,75,11541,794,151,106,126,42.18,52.4,69.4,Baseline
P036,U17,MID,17.5,6,Autumn,74,11193,637,140,122,135,39.56,37.4,65.9,Baseline
P036,U17,MID,17.5,7,Autumn,85,11639,782,144,92,125,35.49,62.7,54.3,Baseline
P036,U17,MID,17.5,8,Autumn,89,11654,896,200,110,112,36.77,64.6,63.3,Baseline
P036,U17,MID,17.5,9,Autumn,87,11071,520,99,114,103,37.66,55.0,61.8,Lower activity
P036,U17,MID,17.5,10,Autumn,73,12504,930,167,113,133,52.26,73.3,42.7,Higher activity
P036,U17,MID,17.5,11,Spring,81,12772,1013,223,124,137,56.16,87.7,42.6,Higher activity
P036,U17,MID,17.5,12,Spring,81,11950,1057,315,149,154,52.13,77.0,72.8,Higher activity
P036,U17,MID,17.5,13,Spring,88,13220,1005,278,150,146,53.34,81.5,69.7,Higher activity
P036,U17,MID,17.5,14,Spring,80,12494,1066,296,135,138,53.76,64.4,51.1,Higher activity
P036,U17,MID,17.5,15,Spring,69,12680,1192,273,137,141,52.26,82.7,57.0,Higher activity
P036,U17,MID,17.5,16,Spring,66,12614,972,223,140,140,51.19,61.4,61.2,Higher activity
P036,U17,MID,17.5,17,Spring,95,10994,789,149,103,96,34.57,67.3,52.4,Lower activity
P036,U17,MID,17.5,18,Spring,84,12141,827,113,114,90,29.54,66.3,54.5,Lower activity
P036,U17,MID,17.5,19,Spring,66,11879,539,109,122,84,38.36,39.4,55.3,Lower activity
P036,U17,MID,17.5,20,Spring,82,11987,1082,189,137,134,45.44,73.6,48.4,Higher activity
P036,U17,MID,17.5,21,Spring,83,13256,1077,256,140,140,51.04,80.8,59.1,Higher activity
P037,CII,DEF,19.6,1,Autumn,74,10724,642,138,111,113,29.4,55.4,63.5,Lower activity
P037,CII,DEF,19.6,2,Autumn,80,11402,797,194,146,127,48.02,63.2,67.1,Higher activity
P037,CII,DEF,19.6,3,Autumn,59,11494,1003,257,134,134,45.47,72.1,55.9,Higher activity
P037,CII,DEF,19.6,4,Autumn,61,10817,842,234,139,154,42.48,46.6,71.2,Higher activity
P037,CII,DEF,19.6,5,Autumn,90,10703,816,247,117,135,46.54,48.0,66.6,Higher activity
P037,CII,DEF,19.6,6,Autumn,83,10771,704,58,135,120,38.89,52.0,53.5,Baseline
P037,CII,DEF,19.6,7,Autumn,80,10639,474,111,131,100,34.18,22.8,62.9,Baseline
P037,CII,DEF,19.6,8,Autumn,76,11071,781,84,115,134,32.03,38.6,70.6,Baseline
P037,CII,DEF,19.6,9,Autumn,69,10650,601,95,132,114,32.37,34.8,70.2,Baseline
P037,CII,DEF,19.6,10,Autumn,72,10379,777,226,127,137,46.65,52.2,83.9,Higher activity
P037,CII,DEF,19.6,11,Spring,80,11833,1050,212,128,129,48.28,74.6,57.1,Higher activity
P037,CII,DEF,19.6,12,Spring,83,11792,704,130,126,112,40.15,46.8,49.9,Baseline
P037,CII,DEF,19.6,13,Spring,87,11745,540,135,119,120,39.97,45.5,56.2,Baseline
P037,CII,DEF,19.6,14,Spring,86,12201,731,258,127,130,42.06,52.7,65.0,Higher activity
P037,CII,DEF,19.6,15,Spring,56,10818,588,128,111,118,33.5,40.6,67.0,Lower activity
P037,CII,DEF,19.6,16,Spring,90,10785,577,158,108,99,35.04,51.2,65.6,Lower activity
P037,CII,DEF,19.6,17,Spring,79,10880,540,71,116,103,35.41,43.6,64.4,Lower activity
P037,CII,DEF,19.6,18,Spring,73,10759,409,117,143,114,36.88,36.1,55.6,Lower activity
P037,CII,DEF,19.6,19,Spring,74,10483,787,98,104,116,34.14,63.9,44.6,Lower activity
P037,CII,DEF,19.6,20,Spring,67,10888,732,93,110,122,26.69,42.9,59.6,Lower activity
P037,CII,DEF,19.6,21,Spring,78,11313,732,61,141,108,37.11,62.4,66.8,Baseline
